<?xml version="1.0" encoding="UTF-8"?>
<!DOCTYPE hibernate-configuration PUBLIC 
  "-//Hibernate/Hibernate Configuration DTD 3.0//EN" 
  "http://www.hibernate.org/dtd/hibernate-configuration-3.0.dtd">
<!-- Version 8 MySQL hibernate.cfg.xml example for Hibernate 5 -->

<hibernate-configuration>
    <session-factory>
        <!-- Database connection settings -->
        <property name="connection.driver_class">com.mysql.cj.jdbc.Driver</property>
        <property name="connection.url">jdbc:mysql://localhost:3306/items</property>
        <property name="connection.username">root</property>
        <property name="connection.password">1234567890</property>

        <!-- Hibernate dialect -->
        <property name="dialect">org.hibernate.dialect.MySQLDialect</property>

        <!-- Mapping configuration -->
        <mapping class="com.model.Product"/>
    </session-factory>
</hibernate-configuration>
